pro_com,comune,subregion
95001,Abbasanta,Guilcer
90001,Aggius,Gallura
90062,Aglientu,Gallura
95002,Aidomaggiore,Guilcer
90002,Alà dei Sardi,Monte Acuto
95003,Albagiara,Marmilla
95004,Ales,Marmilla
90003,Alghero,Nurra
95005,Allai,Barigadu
90004,Anela,Goceano
95006,Arborea,Campidano di Terralba
111001,Arbus,Arburese-Guspinese
90005,Ardara,Monte Acuto
95007,Ardauli,Barigadu
91001,Aritzo,Mandrolisai
111002,Armungia,Gerrei
90006,Arzachena,Gallura
91002,Arzana,Ogliastra
92003,Assemini,Campidano di Cagliari
95008,Assolo,Marmilla
95009,Asuni,Marmilla
91003,Atzara,Mandrolisai
91004,Austis,Mandrolisai
90081,Badesi,Anglona
111003,Ballao,Gerrei
90007,Banari,Coros
95010,Baradili,Marmilla
95011,Baratili San Pietro,Campidano di Oristano
95012,Baressa,Marmilla
91005,Bari Sardo,Ogliastra
111004,Barrali,Parteolla
111005,Barumini,Marmilla
95013,Bauladu,Sinis
91006,Baunei,Ogliastra
91007,Belvì,Mandrolisai
90008,Benetutti,Goceano
90009,Berchidda,Monte Acuto
90010,Bessude,Coros
95014,Bidonì,Guilcer
91008,Birori,Marghine
91009,Bitti,Barbagia di Nuoro
91010,Bolotana,Marghine
95015,Bonarcado,Montiferru
90011,Bonnanaro,Meilogu
90012,Bono,Goceano
90013,Bonorva,Meilogu
95016,Boroneddu,Guilcer
91011,Borore,Marghine
91012,Bortigali,Marghine
90014,Bortigiadas,Gallura
90015,Borutta,Meilogu
95079,Bosa,Planargia
90016,Bottidda,Goceano
90017,Buddusò,Monte Acuto
90091,Budoni,Gallura
111006,Buggerru,Sulcis-Iglesiente
90018,Bultei,Goceano
90019,Bulzi,Anglona
111007,Burcei,Sarrabus
90020,Burgos,Goceano
95017,Busachi,Barigadu
95018,Cabras,Sinis
92009,Cagliari,Campidano di Cagliari
90021,Calangianus,Gallura
111008,Calasetta,Sulcis-Iglesiente
92011,Capoterra,Campidano di Cagliari
111009,Carbonia,Sulcis-Iglesiente
91103,Cardedu,Ogliastra
90022,Cargeghe,Coros
111010,Carloforte,Sulcis-Iglesiente
90023,Castelsardo,Anglona
111011,Castiadas,Sarrabus
90024,Cheremule,Meilogu
90025,Chiaramonti,Anglona
90026,Codrongianos,Coros
111012,Collinas,Marmilla
90027,Cossoine,Meilogu
95019,Cuglieri,Montiferru
95077,Curcuris,Marmilla
92015,Decimomannu,Campidano di Cagliari
111013,Decimoputzu,Campidano di Sanluri
91016,Desulo,Mandrolisai
111014,Dolianova,Parteolla
111015,Domus de Maria,Sulcis-Iglesiente
111016,Domusnovas,Sulcis-Iglesiente
111017,Donori,Parteolla
91017,Dorgali,Barbagia di Nuoro
91018,Dualchi,Marghine
91019,Elini,Ogliastra
92108,Elmas,Campidano di Cagliari
90088,Erula,Anglona
111018,Escalaplano,Sarcidano
111019,Escolca,Sarcidano
90028,Esporlatu,Goceano
111020,Esterzili,Barbagia di Seulo
90029,Florinas,Coros
111021,Fluminimaggiore,Sulcis-Iglesiente
95080,Flussio,Planargia
91024,Fonni,Barbagia di Nuoro
95020,Fordongianus,Barigadu
111022,Furtei,Marmilla
91025,Gadoni,Mandrolisai
91026,Gairo,Ogliastra
91027,Galtellì,Baronìa
91028,Gavoi,Barbagia di Nuoro
111023,Genoni,Sarcidano
111024,Genuri,Marmilla
111025,Gergei,Sarcidano
111026,Gesico,Trexenta
111027,Gesturi,Marmilla
95021,Ghilarza,Guilcer
90030,Giave,Meilogu
111028,Giba,Sulcis-Iglesiente
91031,Girasole,Ogliastra
90083,Golfo Aranci,Gallura
111029,Goni,Gerrei
111030,Gonnesa,Sulcis-Iglesiente
95022,Gonnoscodina,Marmilla
111031,Gonnosfanadiga,Campidano di Sanluri
95023,Gonnosnò,Marmilla
95024,Gonnostramatza,Marmilla
111032,Guamaggiore,Trexenta
111033,Guasila,Trexenta
111034,Guspini,Arburese-Guspinese
111035,Iglesias,Sulcis-Iglesiente
91032,Ilbono,Ogliastra
90031,Illorai,Goceano
91033,Irgoli,Baronìa
111036,Isili,Sarcidano
90032,Ittireddu,Meilogu
90033,Ittiri,Coros
91035,Jerzu,Ogliastra
90035,La Maddalena,Gallura
95082,Laconi,Sarcidano
90034,Laerru,Anglona
91037,Lanusei,Ogliastra
111037,Las Plassas,Marmilla
91038,Lei,Marghine
91039,Loceri,Ogliastra
91040,Loculi,Baronìa
91041,Lodè,Baronìa
91104,Lodine,Barbagia di Nuoro
90084,Loiri Porto San Paolo,Gallura
91042,Lotzorai,Ogliastra
91043,Lula,Baronìa
111038,Lunamatrona,Marmilla
90036,Luogosanto,Gallura
90037,Luras,Gallura
91044,Macomer,Marghine
95083,Magomadas,Planargia
91046,Mamoiada,Barbagia di Nuoro
111039,Mandas,Trexenta
90038,Mara,Meilogu
92037,Maracalagonis,Campidano di Cagliari
95025,Marrubiu,Campidano di Terralba
90039,Martis,Anglona
111040,Masainas,Sulcis-Iglesiente
95026,Masullas,Marmilla
91047,Meana Sardo,Mandrolisai
95027,Milis,Sinis
95084,Modolo,Planargia
95028,Mogorella,Marmilla
95029,Mogoro,Marmilla
111041,Monastir,Campidano di Cagliari
92109,Monserrato,Campidano di Cagliari
90040,Monteleone Rocca Doria,Meilogu
90041,Monti,Gallura
95085,Montresta,Planargia
90042,Mores,Meilogu
95030,Morgongiori,Marmilla
111042,Muravera,Sarrabus
90043,Muros,Coros
111043,Musei,Sulcis-Iglesiente
95031,Narbolia,Sinis
111044,Narcao,Sulcis-Iglesiente
95032,Neoneli,Barigadu
91050,Noragugume,Marghine
95033,Norbello,Guilcer
90044,Nughedu San Nicolò,Monte Acuto
95034,Nughedu Santa Vittoria,Barigadu
90045,Nule,Goceano
90046,Nulvi,Anglona
91051,Nuoro,Barbagia di Nuoro
95035,Nurachi,Campidano di Oristano
111045,Nuragus,Sarcidano
111046,Nurallao,Sarcidano
111047,Nuraminis,Campidano di Sanluri
95036,Nureci,Marmilla
111048,Nurri,Sarcidano
111049,Nuxis,Sulcis-Iglesiente
90047,Olbia,Gallura
91055,Oliena,Barbagia di Nuoro
95037,Ollastra,Campidano di Oristano
91056,Ollolai,Barbagia di Nuoro
90048,Olmedo,Nurra
91057,Olzai,Barbagia di Nuoro
91058,Onanì,Barbagia di Nuoro
91059,Onifai,Baronìa
91060,Oniferi,Barbagia di Nuoro
91061,Orani,Barbagia di Nuoro
91062,Orgosolo,Barbagia di Nuoro
95038,Oristano,Campidano di Oristano
91063,Orosei,Baronìa
91064,Orotelli,Barbagia di Nuoro
111050,Orroli,Sarcidano
111051,Ortacesus,Trexenta
91066,Ortueri,Mandrolisai
91067,Orune,Barbagia di Nuoro
90049,Oschiri,Monte Acuto
91068,Osidda,Barbagia di Nuoro
90050,Osilo,Anglona
91069,Osini,Ogliastra
90051,Ossi,Coros
91070,Ottana,Barbagia di Nuoro
91071,Ovodda,Barbagia di Nuoro
90052,Ozieri,Monte Acuto
111052,Pabillonis,Campidano di Sanluri
90053,Padria,Meilogu
90090,Padru,Gallura
90054,Palau,Gallura
95039,Palmas Arborea,Campidano di Oristano
90055,Pattada,Monte Acuto
95040,Pau,Marmilla
111053,Pauli Arbarei,Marmilla
95041,Paulilatino,Guilcer
91072,Perdasdefogu,Ogliastra
111054,Perdaxius,Sulcis-Iglesiente
90056,Perfugas,Anglona
111055,Pimentel,Trexenta
111056,Piscinas,Sulcis-Iglesiente
90057,Ploaghe,Coros
95042,Pompu,Marmilla
90058,Porto Torres,Nurra
111057,Portoscuso,Sulcis-Iglesiente
91073,Posada,Baronìa
90059,Pozzomaggiore,Meilogu
92050,Pula,Campidano di Cagliari
90060,Putifigari,Nurra
92051,Quartu Sant'Elena,Campidano di Cagliari
92105,Quartucciu,Campidano di Cagliari
95043,Riola Sardo,Sinis
90061,Romana,Meilogu
95044,Ruinas,Marmilla
111058,Sadali,Barbagia di Seulo
95086,Sagama,Planargia
111059,Samassi,Campidano di Sanluri
111060,Samatzai,Trexenta
95045,Samugheo,Marmilla
111061,San Basilio,Gerrei
111062,San Gavino Monreale,Campidano di Sanluri
111063,San Giovanni Suergiu,Sulcis-Iglesiente
95046,San Nicolò d'Arcidano,Campidano di Terralba
111064,San Nicolò Gerrei,Gerrei
111065,San Sperate,Campidano di Cagliari
90092,San Teodoro,Gallura
95050,San Vero Milis,Sinis
111066,San Vito,Sarrabus
111067,Sanluri,Campidano di Sanluri
111069,Sant'Andrea Frius,Trexenta
111070,Sant'Anna Arresi,Sulcis-Iglesiente
111071,Sant'Antioco,Sulcis-Iglesiente
90085,Sant'Antonio di Gallura,Gallura
95047,Santa Giusta,Campidano di Oristano
90087,Santa Maria Coghinas,Anglona
90063,Santa Teresa Gallura,Gallura
111068,Santadi,Sulcis-Iglesiente
95049,Santu Lussurgiu,Montiferru
111072,Sardara,Campidano di Sanluri
92066,Sarroch,Campidano di Cagliari
91077,Sarule,Barbagia di Nuoro
90064,Sassari,Nurra
95051,Scano di Montiferro,Montiferru
95052,Sedilo,Guilcer
90065,Sedini,Anglona
111073,Segariu,Marmilla
92068,Selargius,Campidano di Cagliari
111074,Selegas,Trexenta
90066,Semestene,Meilogu
95053,Seneghe,Montiferru
95054,Senis,Marmilla
95055,Sennariolo,Planargia
90067,Sennori,Romangia
111075,Senorbì,Trexenta
111076,Serdiana,Parteolla
111077,Serramanna,Campidano di Sanluri
111078,Serrenti,Campidano di Sanluri
111079,Serri,Sarcidano
92074,Sestu,Campidano di Cagliari
92075,Settimo San Pietro,Campidano di Cagliari
111080,Setzu,Marmilla
111081,Seui,Barbagia di Seulo
111082,Seulo,Barbagia di Seulo
95056,Siamaggiore,Campidano di Oristano
95057,Siamanna,Campidano di Oristano
95076,Siapiccia,Campidano di Oristano
111083,Siddi,Marmilla
91083,Silanus,Marghine
90068,Siligo,Coros
111084,Siliqua,Sulcis-Iglesiente
111085,Silius,Gerrei
95058,Simala,Marmilla
95059,Simaxis,Campidano di Oristano
91084,Sindia,Marghine
95060,Sini,Marmilla
91085,Siniscola,Baronìa
92080,Sinnai,Campidano di Cagliari
95061,Siris,Marmilla
111086,Siurgus Donigala,Trexenta
95078,Soddì,Guilcer
95062,Solarussa,Campidano di Oristano
111087,Soleminis,Parteolla
91086,Sorgono,Mandrolisai
95063,Sorradile,Barigadu
90069,Sorso,Romangia
90089,Stintino,Nurra
111088,Suelli,Trexenta
95087,Suni,Planargia
95064,Tadasuni,Guilcer
91088,Talana,Ogliastra
90080,Telti,Gallura
90070,Tempio Pausania,Gallura
90086,Tergu,Anglona
95065,Terralba,Campidano di Terralba
91089,Tertenia,Ogliastra
91090,Teti,Mandrolisai
111089,Teulada,Sulcis-Iglesiente
90071,Thiesi,Coros
91091,Tiana,Mandrolisai
95088,Tinnura,Planargia
90072,Tissi,Coros
91093,Tonara,Mandrolisai
91094,Torpè,Baronìa
90073,Torralba,Meilogu
91095,Tortolì,Ogliastra
95066,Tramatza,Campidano di Oristano
111090,Tratalias,Sulcis-Iglesiente
95067,Tresnuraghes,Planargia
91097,Triei,Ogliastra
90074,Trinità d'Agultu e Vignola,Gallura
111091,Tuili,Marmilla
90075,Tula,Monte Acuto
111092,Turri,Marmilla
95068,Ulà Tirso,Barigadu
91098,Ulassai,Ogliastra
95069,Uras,Campidano di Terralba
90076,Uri,Nurra
91099,Urzulei,Ogliastra
95070,Usellus,Marmilla
90077,Usini,Coros
111093,Ussana,Campidano di Cagliari
111094,Ussaramanna,Marmilla
91100,Ussassai,Ogliastra
92090,Uta,Campidano di Cagliari
90079,Valledoria,Anglona
111095,Vallermosa,Campidano di Sanluri
90082,Viddalba,Anglona
92099,Villa San Pietro,Campidano di Cagliari
95048,Villa Sant'Antonio,Marmilla
95073,Villa Verde,Marmilla
111096,Villacidro,Campidano di Sanluri
91101,Villagrande Strisaili,Ogliastra
111097,Villamar,Marmilla
111098,Villamassargia,Sulcis-Iglesiente
90078,Villanova Monteleone,Meilogu
95071,Villanova Truschedu,Campidano di Oristano
111099,Villanova Tulo,Sarcidano
111100,Villanovaforru,Marmilla
111101,Villanovafranca,Marmilla
111102,Villaperuccio,Sulcis-Iglesiente
111103,Villaputzu,Sarrabus
111104,Villasalto,Gerrei
111105,Villasimius,Sarrabus
111106,Villasor,Campidano di Sanluri
111107,Villaspeciosa,Campidano di Cagliari
95072,Villaurbana,Marmilla
95074,Zeddiani,Campidano di Oristano
95075,Zerfaliu,Campidano di Oristano
